sessie,versie,stop_distance_pct,take_half_at_r,trailing_stop_pct,max_hold_minutes,corpus,run_id,trades,expectancy_r,ci_low,ci_high,realized_r,drawdown_r,fees_usd,slippage_usd,risk_veto,rang
1,s001,0.30,1.5,0.25,120,A,1,64,0.2131,0.0268,0.4114,13.6413,3.877,7.242000,16.344361,452,12
2,s002,0.35,2.0,0.20,240,A,2,64,0.1741,0.0175,0.3223,11.1427,3.644,6.681000,13.058534,496,15
3,s003,0.40,1.5,0.15,60,A,3,18,-0.2389,-0.5100,0.0413,-4.2996,4.3807,1.887000,2.953773,634,29
4,s004,0.20,1.5,0.15,240,A,4,13,-0.4225,-0.8462,0.0476,-5.4928,6.1048,1.479000,5.707309,663,40
5,s005,0.25,3.0,0.30,120,A,5,14,-0.2250,-0.5938,0.1698,-3.1498,5.1483,1.428000,4.606049,653,24
6,s006,0.20,1.5,0.15,60,A,6,13,-0.4225,-0.8462,0.0476,-5.4928,6.1048,1.479000,5.707309,663,41
7,s007,0.30,2.0,0.20,60,A,7,65,0.2358,0.0427,0.4323,15.3263,4.2179,6.936000,16.925799,470,3
8,s008,0.20,3.0,0.15,60,A,8,12,-0.5739,-0.9885,-0.0592,-6.8863,6.8863,1.275000,5.021810,665,46
9,s009,0.40,1.5,0.30,60,A,9,18,-0.2464,-0.5129,0.0277,-4.4359,5.0181,1.887000,2.949534,634,30
10,s010,0.20,2.5,0.15,120,A,10,12,-0.5739,-0.9885,-0.0592,-6.8863,6.8863,1.275000,5.021810,665,47
11,s011,0.30,2.0,0.20,120,A,11,65,0.2358,0.0427,0.4323,15.3263,4.2179,6.936000,16.925799,470,4
12,s012,0.20,1.5,0.30,60,A,12,13,-0.4720,-0.8637,-0.0222,-6.1358,6.7478,1.479000,5.525731,660,44
13,s013,0.40,2.0,0.20,60,A,13,18,-0.2213,-0.4865,0.0527,-3.9828,5.0684,1.887000,2.977718,634,19
14,s014,0.15,1.5,0.30,120,A,14,11,-0.6281,-1.1409,-0.0345,-6.9096,6.9096,1.275000,7.477232,671,50
15,s015,0.45,2.0,0.15,120,A,15,15,-0.2868,-0.5011,-0.0504,-4.3021,4.4219,1.581000,2.095332,644,32
16,s016,0.40,2.5,0.15,240,A,16,18,-0.2213,-0.4865,0.0527,-3.9828,5.0684,1.887000,2.977718,634,20
17,s017,0.40,2.5,0.15,120,A,17,18,-0.2213,-0.4865,0.0527,-3.9828,5.0684,1.887000,2.977718,634,21
18,s018,0.25,3.0,0.20,240,A,18,14,-0.2250,-0.5938,0.1698,-3.1498,5.1483,1.428000,4.606049,653,25
19,s019,0.30,2.0,0.15,60,A,19,65,0.2191,0.0302,0.4076,14.2430,4.2179,6.834000,17.207545,470,7
20,s020,0.15,3.0,0.15,240,A,20,14,-0.4196,-0.9241,0.2229,-5.8749,5.8749,1.632000,10.169928,670,38
21,s021,0.15,3.0,0.20,120,A,21,13,-0.5202,-1.0639,0.0917,-6.7626,6.7626,1.428000,10.114658,667,45
22,s022,0.25,2.0,0.15,60,A,22,14,-0.2250,-0.6078,0.1691,-3.1498,5.1483,1.428000,4.606049,653,26
23,s023,0.15,3.0,0.15,120,A,23,14,-0.4196,-0.9469,0.1710,-5.8749,5.8749,1.632000,10.169928,670,39
24,s024,0.20,2.0,0.25,60,A,24,13,-0.4442,-0.8972,0.0727,-5.7749,6.3869,1.479000,5.542448,660,42
25,s025,0.35,1.5,0.30,240,A,25,63,0.1236,-0.0235,0.2732,7.7856,3.644,6.732000,12.688008,494,17
26,s026,0.30,1.5,0.25,60,A,26,64,0.2131,0.0268,0.4103,13.6413,3.877,7.242000,16.344361,452,13
27,s027,0.30,1.5,0.30,60,A,27,64,0.2131,0.0268,0.4103,13.6413,3.877,7.242000,16.344361,452,14
28,s028,0.45,1.5,0.30,120,A,28,15,-0.2868,-0.5153,-0.0562,-4.3021,4.4219,1.581000,2.095332,644,33
29,s029,0.35,3.0,0.25,60,A,29,64,0.2140,0.0441,0.3920,13.6967,3.644,6.630000,13.079184,495,8
30,s030,0.45,2.5,0.30,60,A,30,15,-0.2868,-0.5153,-0.0562,-4.3021,4.4219,1.581000,2.095332,644,34
31,s031,0.20,3.0,0.15,240,A,31,12,-0.5739,-1.0082,-0.0939,-6.8863,6.8863,1.275000,5.021810,665,48
32,s032,0.35,1.5,0.30,120,A,32,63,0.1236,-0.0235,0.2732,7.7856,3.644,6.732000,12.688008,494,18
33,s033,0.35,3.0,0.30,60,A,33,64,0.2140,0.0441,0.3920,13.6967,3.644,6.630000,13.079184,495,9
34,s034,0.30,2.0,0.30,60,A,34,65,0.2358,0.0366,0.4345,15.3263,4.2179,6.936000,16.925799,470,5
35,s035,0.35,3.0,0.30,120,A,35,64,0.2140,0.0441,0.3920,13.6967,3.644,6.630000,13.079184,495,10
36,s036,0.40,1.5,0.20,120,A,36,18,-0.2464,-0.5126,0.0295,-4.4359,4.4359,1.887000,2.949534,634,31
37,s037,0.35,3.0,0.20,240,A,37,64,0.2140,0.0441,0.3920,13.6967,3.644,6.630000,13.079184,495,11
38,s038,0.45,1.5,0.20,240,A,38,15,-0.2868,-0.5153,-0.0562,-4.3021,4.4219,1.581000,2.095332,644,35
39,s039,0.30,2.5,0.15,240,A,39,65,0.2451,0.0401,0.4648,15.9330,4.2179,6.834000,17.449072,462,1
40,s040,0.25,3.0,0.20,120,A,40,14,-0.2250,-0.6078,0.1691,-3.1498,5.1483,1.428000,4.606049,653,27
41,s041,0.45,1.5,0.25,60,A,41,15,-0.2868,-0.5153,-0.0562,-4.3021,4.4219,1.581000,2.095332,644,36
42,s042,0.30,2.0,0.30,240,A,42,65,0.2358,0.0366,0.4345,15.3263,4.2179,6.936000,16.925799,470,6
43,s043,0.40,3.0,0.20,60,A,43,18,-0.2213,-0.4855,0.0512,-3.9828,5.0684,1.887000,2.977718,634,22
44,s044,0.25,3.0,0.15,120,A,44,14,-0.2250,-0.6078,0.1691,-3.1498,5.1483,1.428000,4.606049,653,28
45,s045,0.40,3.0,0.25,60,A,45,18,-0.2213,-0.4855,0.0512,-3.9828,5.0684,1.887000,2.977718,634,23
46,s046,0.30,2.5,0.30,60,A,46,65,0.2451,0.0401,0.4648,15.9330,4.2179,6.834000,17.449072,462,2
47,s047,0.35,2.0,0.25,240,A,47,64,0.1741,0.0177,0.3227,11.1427,3.644,6.681000,13.058534,496,16
48,s048,0.20,2.0,0.20,240,A,48,13,-0.4442,-0.8972,0.0727,-5.7749,6.3869,1.479000,5.542448,660,43
49,s049,0.45,2.0,0.30,120,A,49,15,-0.2868,-0.5153,-0.0562,-4.3021,4.4219,1.581000,2.095332,644,37
50,s050,0.20,3.0,0.20,240,A,50,12,-0.5739,-1.0082,-0.0939,-6.8863,6.8863,1.275000,5.021810,665,49
1,s001,0.30,1.5,0.25,120,B,51,67,0.0438,-0.1423,0.2309,2.9337,6.342,7.395000,16.188885,443,33
2,s002,0.35,2.0,0.20,240,B,52,64,0.0037,-0.1538,0.1692,0.2350,5.583,6.732000,12.772738,473,44
3,s003,0.40,1.5,0.15,60,B,53,64,0.1126,-0.0275,0.2665,7.2039,3.0887,6.834000,10.811154,450,14
4,s004,0.20,1.5,0.15,240,B,54,84,0.0937,-0.1010,0.3059,7.8731,7.4734,9.945000,35.581415,389,17
5,s005,0.25,3.0,0.30,120,B,55,69,0.0902,-0.1239,0.3040,6.2251,5.1209,7.140000,21.824578,424,22
6,s006,0.20,1.5,0.15,60,B,56,84,0.0937,-0.1010,0.3059,7.8731,7.4734,9.945000,35.581415,389,18
7,s007,0.30,2.0,0.20,60,B,57,70,0.0823,-0.0878,0.2698,5.7626,4.3336,7.395000,17.454561,430,25
8,s008,0.20,3.0,0.15,60,B,58,75,0.1763,-0.0440,0.4018,13.2211,4.7299,8.058000,32.405925,409,5
9,s009,0.40,1.5,0.30,60,B,59,63,0.0430,-0.0934,0.1846,2.7073,4.1719,6.681000,10.654455,465,36
10,s010,0.20,2.5,0.15,120,B,60,77,0.2017,-0.0239,0.4279,15.5326,4.7299,8.517000,33.541895,406,4
11,s011,0.30,2.0,0.20,120,B,61,70,0.0823,-0.0878,0.2698,5.7626,4.3336,7.395000,17.454561,430,26
12,s012,0.20,1.5,0.30,60,B,62,79,0.1470,-0.0876,0.3681,11.6153,10.8748,9.486000,33.565990,400,7
13,s013,0.40,2.0,0.20,60,B,63,64,0.1260,-0.0241,0.2773,8.0666,3.2706,6.681000,10.796524,457,13
14,s014,0.15,1.5,0.30,120,B,64,94,0.2223,-0.0311,0.4711,20.8945,6.9781,11.883000,59.208533,381,2
15,s015,0.45,2.0,0.15,120,B,65,61,0.0930,-0.0481,0.2302,5.6732,1.8953,6.222000,9.103317,464,19
16,s016,0.40,2.5,0.15,240,B,66,63,0.1418,-0.0092,0.2956,8.9337,1.7426,6.477000,10.998082,452,8
17,s017,0.40,2.5,0.15,120,B,67,63,0.1418,-0.0092,0.2956,8.9337,1.7426,6.477000,10.998082,452,9
18,s018,0.25,3.0,0.20,240,B,68,69,0.0902,-0.1239,0.3040,6.2251,5.1209,7.140000,21.824578,424,23
19,s019,0.30,2.0,0.15,60,B,69,67,0.0369,-0.1391,0.2189,2.4751,5.79,7.191000,16.548215,437,40
20,s020,0.15,3.0,0.15,240,B,70,14,-0.2474,-0.7580,0.3485,-3.4633,4.262,1.479000,7.720827,657,49
21,s021,0.15,3.0,0.20,120,B,71,70,-0.0627,-0.3665,0.2547,-4.3863,11.7015,7.752000,42.286098,443,48
22,s022,0.25,2.0,0.15,60,B,72,72,0.1053,-0.0923,0.3132,7.5842,5.867,8.109000,22.033654,432,16
23,s023,0.15,3.0,0.15,120,B,73,14,-0.2474,-0.7580,0.3485,-3.4633,4.262,1.479000,7.720827,657,50
24,s024,0.20,2.0,0.25,60,B,74,79,0.2352,-0.0139,0.4833,18.5792,4.4799,9.078000,34.003791,399,1
25,s025,0.35,1.5,0.30,240,B,75,64,-0.0136,-0.1653,0.1357,-0.8709,6.8256,6.834000,12.574639,463,46
26,s026,0.30,1.5,0.25,60,B,76,67,0.0438,-0.1423,0.2309,2.9337,6.342,7.395000,16.188885,443,34
27,s027,0.30,1.5,0.30,60,B,77,67,0.0438,-0.1321,0.2300,2.9337,6.342,7.395000,16.188885,443,35
28,s028,0.45,1.5,0.30,120,B,78,62,0.0255,-0.0991,0.1479,1.5805,3.706,6.528000,8.825733,457,41
29,s029,0.35,3.0,0.25,60,B,79,66,0.0580,-0.0947,0.2141,3.8294,3.0021,6.834000,13.164535,487,29
30,s030,0.45,2.5,0.30,60,B,80,61,0.0930,-0.0481,0.2302,5.6732,1.8953,6.222000,9.103317,464,20
31,s031,0.20,3.0,0.15,240,B,81,75,0.1763,-0.0440,0.4018,13.2211,4.7299,8.058000,32.405925,409,6
32,s032,0.35,1.5,0.30,120,B,82,64,-0.0136,-0.1653,0.1357,-0.8709,6.8256,6.834000,12.574639,463,47
33,s033,0.35,3.0,0.30,60,B,83,66,0.0580,-0.0947,0.2141,3.8294,3.0021,6.834000,13.164535,487,30
34,s034,0.30,2.0,0.30,60,B,84,66,0.0643,-0.1123,0.2482,4.2441,4.2479,7.038000,15.693507,450,27
35,s035,0.35,3.0,0.30,120,B,85,66,0.0580,-0.0947,0.2141,3.8294,3.0021,6.834000,13.164535,487,31
36,s036,0.40,1.5,0.20,120,B,86,63,0.0430,-0.0934,0.1846,2.7073,4.1719,6.681000,10.654455,465,37
37,s037,0.35,3.0,0.20,240,B,87,66,0.0580,-0.0947,0.2141,3.8294,3.0021,6.834000,13.164535,487,32
38,s038,0.45,1.5,0.20,240,B,88,62,0.0255,-0.0991,0.1479,1.5805,3.706,6.528000,8.825733,457,42
39,s039,0.30,2.5,0.15,240,B,89,66,0.0383,-0.1417,0.2384,2.5249,5.79,6.987000,16.389593,439,38
40,s040,0.25,3.0,0.20,120,B,90,69,0.0902,-0.1239,0.3040,6.2251,5.1209,7.140000,21.824578,424,24
41,s041,0.45,1.5,0.25,60,B,91,62,0.0255,-0.0991,0.1479,1.5805,3.706,6.528000,8.825733,457,43
42,s042,0.30,2.0,0.30,240,B,92,66,0.0643,-0.1123,0.2482,4.2441,4.2479,7.038000,15.693507,450,28
43,s043,0.40,3.0,0.20,60,B,93,63,0.1418,-0.0092,0.2956,8.9337,1.7426,6.477000,10.998082,452,10
44,s044,0.25,3.0,0.15,120,B,94,72,0.1080,-0.1129,0.3275,7.7765,5.605,7.752000,22.387805,424,15
45,s045,0.40,3.0,0.25,60,B,95,63,0.1418,-0.0092,0.2956,8.9337,1.7426,6.477000,10.998082,452,11
46,s046,0.30,2.5,0.30,60,B,96,65,0.0382,-0.1434,0.2261,2.4821,6.196,6.783000,15.281965,429,39
47,s047,0.35,2.0,0.25,240,B,97,64,0.0037,-0.1538,0.1692,0.2350,5.583,6.732000,12.772738,473,45
48,s048,0.20,2.0,0.20,240,B,98,80,0.2223,0.0002,0.4612,17.7849,4.643,9.129000,32.658625,401,3
49,s049,0.45,2.0,0.30,120,B,99,61,0.0930,-0.0481,0.2302,5.6732,1.8953,6.222000,9.103317,464,21
50,s050,0.20,3.0,0.20,240,B,100,81,0.1402,-0.0972,0.3863,11.3559,8.7776,8.874000,36.142271,408,12
